{
  "cols": 11,
  "rows": 7,
  "centers_x": [
    587.330326460481,
    884.3707044673539,
    1181.4110824742268,
    1478.4514604810997,
    1775.4918384879725,
    2072.532216494845,
    2369.5725945017184,
    2666.612972508591,
    2963.653350515464,
    3260.6937285223366,
    3557.7341065292094
  ],
  "centers_y": [
    1005.6931226378598,
    1207.9638127548137,
    1410.2345028717675,
    1612.5051929887213,
    1814.7758831056753,
    2017.046573222629,
    2219.317263339583
  ],
  "homography_corners": [
    [
      587.330322265625,
      1005.693115234375
    ],
    [
      3557.734130859375,
      1005.693115234375
    ],
    [
      3557.734130859375,
      2219.3173828125
    ],
    [
      587.330322265625,
      2219.3173828125
    ]
  ]
}