{
  "cols": 11,
  "rows": 7,
  "centers_x": [
    573.547254725472,
    874.0279027902786,
    1174.508550855085,
    1474.9891989198918,
    1775.469846984698,
    2075.9504950495048,
    2376.4311431143115,
    2676.9117911791177,
    2977.3924392439244,
    3277.873087308731,
    3578.3537353735373
  ],
  "centers_y": [
    892.5685483870967,
    1116.657258064516,
    1340.7459677419354,
    1564.8346774193546,
    1788.9233870967741,
    2013.0120967741937,
    2237.1008064516127
  ],
  "homography_corners": [
    [
      573.5472412109375,
      892.5685424804688
    ],
    [
      3578.353759765625,
      892.5685424804688
    ],
    [
      3578.353759765625,
      2237.100830078125
    ],
    [
      573.5472412109375,
      2237.100830078125
    ]
  ]
}