{
  "cols": 11,
  "rows": 7,
  "centers_x": [
    632.5739389920425,
    927.1966180371353,
    1221.8192970822283,
    1516.4419761273211,
    1811.064655172414,
    2105.6873342175068,
    2400.3100132625996,
    2694.9326923076924,
    2989.555371352785,
    3284.178050397878,
    3578.800729442971
  ],
  "centers_y": [
    795.771645021645,
    1011.5400432900433,
    1227.3084415584415,
    1443.0768398268397,
    1658.845238095238,
    1874.6136363636365,
    2090.3820346320344
  ],
  "homography_corners": [
    [
      632.5739135742188,
      795.7716674804688
    ],
    [
      3578.80078125,
      795.7716674804688
    ],
    [
      3578.80078125,
      2090.382080078125
    ],
    [
      632.5739135742188,
      2090.382080078125
    ]
  ]
}