{
  "cols": 11,
  "rows": 7,
  "centers_x": [
    636.5876288659795,
    929.2680412371135,
    1221.9484536082475,
    1514.6288659793815,
    1807.3092783505156,
    2099.98969072165,
    2392.6701030927834,
    2685.350515463918,
    2978.0309278350514,
    3270.711340206186,
    3563.3917525773195
  ],
  "centers_y": [
    1024.6237206789142,
    1218.0126025046086,
    1411.401484330303,
    1604.7903661559976,
    1798.179247981692,
    1991.5681298073864,
    2184.957011633081
  ],
  "homography_corners": [
    [
      636.587646484375,
      1024.623779296875
    ],
    [
      3563.391845703125,
      1024.623779296875
    ],
    [
      3563.391845703125,
      2184.95703125
    ],
    [
      636.587646484375,
      2184.95703125
    ]
  ]
}