{
  "cols": 11,
  "rows": 7,
  "centers_x": [
    617.7858090185675,
    914.5828912466843,
    1211.3799734748009,
    1508.1770557029176,
    1804.9741379310344,
    2101.771220159151,
    2398.568302387268,
    2695.3653846153848,
    2992.1624668435015,
    3288.9595490716183,
    3585.756631299735
  ],
  "centers_y": [
    753.4166666666665,
    971.401515151515,
    1189.3863636363635,
    1407.371212121212,
    1625.3560606060605,
    1843.340909090909,
    2061.3257575757575
  ],
  "homography_corners": [
    [
      617.7858276367188,
      753.4166870117188
    ],
    [
      3585.756591796875,
      753.4166870117188
    ],
    [
      3585.756591796875,
      2061.32568359375
    ],
    [
      617.7858276367188,
      2061.32568359375
    ]
  ]
}