{
  "cols": 11,
  "rows": 7,
  "centers_x": [
    621.3182989690723,
    916.1868556701032,
    1211.055412371134,
    1505.9239690721652,
    1800.7925257731958,
    2095.661082474227,
    2390.5296391752577,
    2685.398195876289,
    2980.2667525773195,
    3275.13530927835,
    3570.0038659793813
  ],
  "centers_y": [
    941.2880762497567,
    1105.189846333398,
    1269.0916164170394,
    1432.9933865006808,
    1596.8951565843222,
    1760.7969266679634,
    1924.6986967516048
  ],
  "homography_corners": [
    [
      621.3182983398438,
      941.2880859375
    ],
    [
      3570.00390625,
      941.2880859375
    ],
    [
      3570.00390625,
      1924.69873046875
    ],
    [
      621.3182983398438,
      1924.69873046875
    ]
  ]
}