{
  "cols": 11,
  "rows": 7,
  "centers_x": [
    610.7757731958761,
    905.3582474226803,
    1199.9407216494844,
    1494.5231958762886,
    1789.1056701030927,
    2083.688144329897,
    2378.2706185567013,
    2672.8530927835054,
    2967.4355670103096,
    3262.0180412371137,
    3556.600515463918
  ],
  "centers_y": [
    794.4080711259288,
    1003.049871501007,
    1211.6916718760851,
    1420.3334722511634,
    1628.9752726262416,
    1837.6170730013196,
    2046.2588733763978
  ],
  "homography_corners": [
    [
      610.7757568359375,
      794.4080810546875
    ],
    [
      3556.6005859375,
      794.4080810546875
    ],
    [
      3556.6005859375,
      2046.2589111328125
    ],
    [
      610.7757568359375,
      2046.2589111328125
    ]
  ]
}