{
  "cols": 11,
  "rows": 7,
  "centers_x": [
    597.6442394239423,
    895.4970747074707,
    1193.349909990999,
    1491.2027452745274,
    1789.055580558056,
    2086.9084158415844,
    2384.7612511251127,
    2682.614086408641,
    2980.4669216921693,
    3278.3197569756976,
    3576.172592259226
  ],
  "centers_y": [
    763.6627094972068,
    980.6808659217878,
    1197.6990223463688,
    1414.7171787709499,
    1631.7353351955308,
    1848.7534916201116,
    2065.7716480446925
  ],
  "homography_corners": [
    [
      597.6442260742188,
      763.6627197265625
    ],
    [
      3576.172607421875,
      763.6627197265625
    ],
    [
      3576.172607421875,
      2065.771728515625
    ],
    [
      597.6442260742188,
      2065.771728515625
    ]
  ]
}